filename,text
0.jpg,rE eS el
1.jpg,SRRRS Ta
10.jpg,ga
100.jpg,ERT AL)
101.jpg,[xs RerT TVs?
102.jpg,Eis\-westay Acie
103.jpg,ee Waray
104.jpg,Ey neem LDL)
105.jpg,ERRSE)
106.jpg,Sears
107.jpg,
108.jpg,127 39733
109.jpg,
11.jpg,"re al
a"
110.jpg,172 9 9314
111.jpg,RVIRTYC
112.jpg,
113.jpg,aT TR pols)
114.jpg,Pieces
115.jpg,Se
116.jpg,
117.jpg,
118.jpg,GEESE)
119.jpg,ees
12.jpg,i eaperel
120.jpg,ee oe
121.jpg,SRY Meee Sy
122.jpg,SPURTE)
123.jpg,PATS 12)
124.jpg,J PERSE)
125.jpg,LEE
126.jpg,PRE eci ny
127.jpg,as
128.jpg,wT.
129.jpg,EEE)
13.jpg,Ger
130.jpg,Estee yay
131.jpg,RSF
132.jpg,TETAS A
133.jpg,
134.jpg,
135.jpg,
136.jpg,Ba Ree ee
137.jpg,RPRERT IES
138.jpg,Rear
139.jpg,96 5 5178
14.jpg,
140.jpg,CIPI
141.jpg,Eee
142.jpg,+90 55 4636-
143.jpg,ae}
144.jpg,Byes 5C8
145.jpg,"ane
ee"
146.jpg,PEL PRERT Ess
147.jpg,Lk SBE]
148.jpg,15549278
149.jpg,RUE
150.jpg,eo Eee
151.jpg,ers
152.jpg,"eet ¥e-n
eR}"
153.jpg,"9900 ee
ey"
154.jpg,Pemelihs
155.jpg,
156.jpg,UTE
157.jpg,
158.jpg,EMRE
159.jpg,EPIL Pals
16.jpg,EER al
160.jpg,Eker
161.jpg,KPa
162.jpg,REET
163.jpg,ELSE
164.jpg,
165.jpg,REbeT
166.jpg,
167.jpg,ETT ee) ie
168.jpg,"Sai
y ee a"
169.jpg,(ELT
17.jpg,beer cirs
170.jpg,hee Pd
171.jpg,Re ray
172.jpg,een Loa
173.jpg,
174.jpg,
175.jpg,
176.jpg,1330336719
177.jpg,:
178.jpg,Eee
179.jpg,192 oy 7105 |
18.jpg,
180.jpg,eR er ol
181.jpg,BURL SS
182.jpg,
183.jpg,GreeeErce
184.jpg,(EEL)
185.jpg,BPE.)
186.jpg,
187.jpg,Yk}
188.jpg,ie eect tits
189.jpg,
19.jpg,eles
190.jpg,
191.jpg,
192.jpg,
193.jpg,"Ory
hres"
194.jpg,iP EM PEE)
195.jpg,miles ny ae
196.jpg,acl horn tee
197.jpg,eet
198.jpg,ey
199.jpg,
2.jpg,Se
20.jpg,eee al
200.jpg,ELT
201.jpg,
202.jpg,Rede ede
203.jpg,Etre
204.jpg,103679 20
205.jpg,Reyer CCl
206.jpg,Bi eatan P74
207.jpg,Pra Re iad
208.jpg,132233848-
209.jpg,RUA
21.jpg,VEST TATE
210.jpg,ST
211.jpg,
212.jpg,BEE Reel)
213.jpg,ike oF A716]
214.jpg,Eker
215.jpg,eee
216.jpg,Cees
217.jpg,icy
218.jpg,REY Reel) -§)
219.jpg,"LE Ie,"
22.jpg,Peek EU)
220.jpg,NA ee ea
221.jpg,aS eer
222.jpg,[Tecra Lys
223.jpg,See Eyal Es
224.jpg,eres
225.jpg,"eres
ce"
226.jpg,Mme Ea
227.jpg,ET -yie yal
228.jpg,182556149)
229.jpg,RES sees
23.jpg,
230.jpg,REET
231.jpg,PERE 74
232.jpg,ine
233.jpg,eR
234.jpg,
235.jpg,yt) eee 1884
236.jpg,Rive 1]
237.jpg,SREP
238.jpg,Lee
239.jpg,
24.jpg,
240.jpg,"Dives .
en 704)"
241.jpg,REELED
242.jpg,eee Tal
243.jpg,[77 o9.286)
244.jpg,
245.jpg,"SENT
ie"
246.jpg,SEE IED
247.jpg,AT ery he
248.jpg,dee 7x)
249.jpg,ore err
25.jpg,SRS ReraT a
250.jpg,eRe ae
251.jpg,
252.jpg,i RTT
253.jpg,ERS STE
254.jpg,
255.jpg,
256.jpg,cee
257.jpg,
258.jpg,
259.jpg,wT eer Px.
26.jpg,BAT SeecramY/Tk
260.jpg,ieee er
261.jpg,
262.jpg,CERT ET Ts
263.jpg,
264.jpg,TOREERE
265.jpg,Weslo
266.jpg,Re
267.jpg,Rey lcm
268.jpg,61 +¥ 4573)
27.jpg,TERT ed:
270.jpg,Glare)
271.jpg,a era bls
272.jpg,MSE Cee
273.jpg,RET Yan
274.jpg,al
275.jpg,
276.jpg,ECR Tel
277.jpg,CEP
278.jpg,"yes
Peters"
279.jpg,
28.jpg,
280.jpg,
281.jpg,
282.jpg,
283.jpg,"ey Pree Ty
ae"
284.jpg,RUS A
285.jpg,ERR ER
286.jpg,een ih
287.jpg,rea
288.jpg,Bem aa)
289.jpg,
29.jpg,
290.jpg,f 166431383 }
291.jpg,See an
292.jpg,Rete PJ ey
293.jpg,WT EePeS)
294.jpg,Sk ere rir)
295.jpg,RA eordeleL
296.jpg,EYRE?)
297.jpg,Ca}
298.jpg,Eee
299.jpg,ESET
3.jpg,SURREa TEE
30.jpg,
300.jpg,L749 3079
301.jpg,ers
302.jpg,
303.jpg,
304.jpg,
305.jpg,ait eertar Acie
306.jpg,(eee
307.jpg,METI)
308.jpg,RX Berra CRED
309.jpg,LZR eET ey
31.jpg,
310.jpg,ya edi cad -
311.jpg,RS Te
312.jpg,een
313.jpg,BCE
314.jpg,Rye eT
315.jpg,
316.jpg,(94 3 573°
317.jpg,"pte:
192 vi B74:"
318.jpg,
319.jpg,ae
32.jpg,SVR SST TL
320.jpg,"CA
cw
a)
we
a"
321.jpg,
322.jpg,"err
ete 3294"
323.jpg,9154562)
324.jpg,SUV eer eee
325.jpg,he eT el
326.jpg,TET TTy
327.jpg,DRE
328.jpg,Ee acy
329.jpg,TRE:
33.jpg,NCEE
330.jpg,ARTI TK
331.jpg,lS yaks
332.jpg,128 63 4425 |
333.jpg,
334.jpg,[ieee
335.jpg,14896825
336.jpg,MEST
337.jpg,Lae
338.jpg,(162 S35 7675 |
339.jpg,byes xy
34.jpg,ER yecryit)
340.jpg,"a
rae"
341.jpg,TRESS
342.jpg,LEER TTg]
343.jpg,eR 1
344.jpg,"Peril
Th itt"
345.jpg,"9785
ERA"
346.jpg,MP Aerr aac:
347.jpg,[ky er bee)
348.jpg,emeee Se
349.jpg,A eee Teeli
35.jpg,BYE A: 8
350.jpg,
351.jpg,em
352.jpg,Soe eee
353.jpg,
354.jpg,
355.jpg,
356.jpg,09 ss 5513
357.jpg,STL TL TA
358.jpg,EE leecd-FAers
359.jpg,5927
36.jpg,“a
360.jpg,"Lee
eee"
361.jpg,"rece
fee leceeies"
362.jpg,
363.jpg,seventh cl)
364.jpg,
365.jpg,"as
4 Ss"
366.jpg,
367.jpg,Siren)
368.jpg,eae 7)
369.jpg,13229 7260)
37.jpg,ae eed)
370.jpg,COREE
371.jpg,ee
372.jpg,Ty wee rir}
373.jpg,405 Sy A
374.jpg,ER
375.jpg,ELT
376.jpg,Ree ee)
377.jpg,RERea iE
378.jpg,Sy wett ibd
379.jpg,
38.jpg,Ate Pe
380.jpg,| 7259043 |
381.jpg,Riya xe
382.jpg,ater CL
384.jpg,REESE
385.jpg,1450499128:
386.jpg,195 3 668
387.jpg,
388.jpg,ee
389.jpg,1065571334)
39.jpg,[1566-565 916]
390.jpg,mead
391.jpg,PRE TTS)
392.jpg,O7ov3169
393.jpg,CE Ti
394.jpg,"ee
ee"
395.jpg,
396.jpg,Skye Lee)
397.jpg,"18 if cin
-"
398.jpg,
399.jpg,aie Ce
4.jpg,
40.jpg,PRR)
400.jpg,Ea
401.jpg,[ERE REE)
402.jpg,
403.jpg,Raz
404.jpg,"err,
ee aes"
405.jpg,El
406.jpg,LCR
407.jpg,RENTS
408.jpg,BR
409.jpg,SLT aerw ices
41.jpg,62 3 1169
410.jpg,EMOTE IT5)
411.jpg,
412.jpg,188 5 7497 |
413.jpg,Rewer
414.jpg,
415.jpg,ih weew ts
416.jpg,fern
417.jpg,
418.jpg,me ener a1
419.jpg,ikea
42.jpg,aCe eck Yee
421.jpg,REST
422.jpg,118.5018}
423.jpg,eS)
424.jpg,ree wr sin|
425.jpg,hee De
426.jpg,CE UL
427.jpg,
428.jpg,a eee 8
429.jpg,
43.jpg,WA ROaee
430.jpg,a
431.jpg,SLIT aT
432.jpg,BL aee EL
433.jpg,Dek eas
434.jpg,Weer
435.jpg,Ree
436.jpg,149 349 3469:
437.jpg,ny zcWeers-y16)=3
438.jpg,
44.jpg,
440.jpg,07-5623)
441.jpg,
442.jpg,en
443.jpg,ce
444.jpg,SRE
445.jpg,eter Tha
446.jpg,[ERE
447.jpg,CREE
448.jpg,
449.jpg,GV y eer Eel
45.jpg,
450.jpg,SRE
451.jpg,"gg Ee ee
138 S25 1769"
452.jpg,
453.jpg,BRIA iy
454.jpg,aU REAL
455.jpg,
456.jpg,
457.jpg,Peer
458.jpg,L179.355776 |
459.jpg,"Te
Ronee"
46.jpg,"aT ce
ea"
460.jpg,CK WeAE ERI ey
461.jpg,
462.jpg,
463.jpg,Error
464.jpg,
465.jpg,"Nei,"
466.jpg,
468.jpg,11057 6829
469.jpg,BC Caer:§)
47.jpg,160592955)
470.jpg,
471.jpg,ali Are AT
472.jpg,TTT
473.jpg,ERSSeE SE
474.jpg,Re
475.jpg,Cees
476.jpg,ERE)
477.jpg,ia
478.jpg,Ti Petree
479.jpg,Seer ig
48.jpg,LAER
480.jpg,WOT ET
481.jpg,PRP AR CT)
482.jpg,STRAT oe
483.jpg,PETRY
484.jpg,"hee
Stele"
485.jpg,RESET Fi
486.jpg,"SEERA
pRReea ee"
487.jpg,"5 ee
a] Saree Py)"
488.jpg,eS PTTy
489.jpg,ser Bia
49.jpg,NEP Ay
490.jpg,
491.jpg,—
492.jpg,Pret
493.jpg,Ly
494.jpg,"a
o. e) an
<< ;"
495.jpg,
496.jpg,ein ere
497.jpg,PCR r sea
498.jpg,768 7 £932
499.jpg,NBS eae tr2
5.jpg,SOAS vA
50.jpg,ee
500.jpg,
501.jpg,
502.jpg,14909765 |
503.jpg,
504.jpg,TORE CEL
505.jpg,eee
506.jpg,CY tee eee
507.jpg,"eee
7"
508.jpg,Ey
509.jpg,RityAerL tee
51.jpg,103679 20
510.jpg,Geral sbs
511.jpg,ALT
512.jpg,[16 775598;
513.jpg,hore
514.jpg,BG os 2661
515.jpg,
516.jpg,BCR yon
517.jpg,Hem
518.jpg,149 5 7957-
519.jpg,Peay ie
52.jpg,96 HF 3734
520.jpg,Pye rey
521.jpg,ete 1)
522.jpg,PERT T
523.jpg,lice aca
524.jpg,
525.jpg,bie eri
526.jpg,gees
527.jpg,108 7 4002
528.jpg,te Lig
529.jpg,"SAREE PLA,"
53.jpg,85 3 4578
530.jpg,
531.jpg,[ieee A
532.jpg,Ame Ira
533.jpg,
534.jpg,eer
535.jpg,iAabreya
536.jpg,Wo een 97)
537.jpg,COR
539.jpg,LAN AYA)
54.jpg,elie
540.jpg,116 2 8703
541.jpg,1194533
542.jpg,PSR ELT
543.jpg,ERR Ty
544.jpg,"aan ll)
oo"
545.jpg,ieee r Ay
546.jpg,CUE)
547.jpg,ieee
548.jpg,Ue 73)
549.jpg,62 99920
55.jpg,bay
550.jpg,ey
551.jpg,ea 47791
552.jpg,
553.jpg,SEFECEFSI5
554.jpg,"reere 70)
(on"
555.jpg,neo
557.jpg,DRE 77
558.jpg,Bitte Pere
559.jpg,| PUR LIVE
56.jpg,"w—
wo a"
560.jpg,MOREL
561.jpg,Oa LTA
562.jpg,ree
563.jpg,
564.jpg,aa
565.jpg,TAREE RY-1-7
566.jpg,Re oth
567.jpg,_—
569.jpg,
57.jpg,te “ek of
570.jpg,ih ected:
571.jpg,"ey
ns og y"
572.jpg,TREE
573.jpg,SN RCAVAL
574.jpg,ere ie
575.jpg,ASTOR Oe}
576.jpg,"bear
Peer"
577.jpg,"Biren 7 a,"
578.jpg,"—
ue"
579.jpg,EXE
58.jpg,
580.jpg,GEESE EE
581.jpg,ei
582.jpg,J
583.jpg,a eg Te
584.jpg,
585.jpg,a yard: 74:14
586.jpg,LE eat eLa
587.jpg,
588.jpg,ELE Ts
589.jpg,RS ne
59.jpg,479 3 7121
590.jpg,Breese
591.jpg,ee Meee iy
592.jpg,ER TA
593.jpg,"Ser ;
=~
ke"
594.jpg,
595.jpg,ERT
596.jpg,ey
597.jpg,Chee
598.jpg,ae
599.jpg,Pigetry {a
6.jpg,RPARE TUE)
60.jpg,
600.jpg,Ta etd ATi
601.jpg,
602.jpg,Wz eed
603.jpg,112438576-
604.jpg,TATE
605.jpg,"ee bi
Re pLtceeeas"
606.jpg,
607.jpg,
608.jpg,SPER
609.jpg,lt teetk bos
61.jpg,
610.jpg,eRe Ps)
611.jpg,cme
612.jpg,Plc
613.jpg,
614.jpg,eee 9
615.jpg,®
616.jpg,a eee ACL
617.jpg,fiver ye)
618.jpg,138539604 |
619.jpg,"FE PIR ETH
ies"
62.jpg,EE
620.jpg,eee
621.jpg,
622.jpg,Ser)
623.jpg,Rey
624.jpg,
625.jpg,
626.jpg,(Eee ee
627.jpg,[77 F98377.
628.jpg,RET
629.jpg,
63.jpg,River 01]
630.jpg,"ee,
Bee"
631.jpg,yer ckya
632.jpg,ens
633.jpg,TERRES
634.jpg,SORES)
635.jpg,ERE
636.jpg,
637.jpg,[65 29 6666)
638.jpg,eer Ya
639.jpg,i earers)
64.jpg,TORE
640.jpg,
641.jpg,
642.jpg,PPP TALES
643.jpg,ry 1
644.jpg,
645.jpg,eee
646.jpg,NO+34884)
647.jpg,TAREE
648.jpg,"ee
Ze"
649.jpg,76 633224)
65.jpg,Lea eR)
650.jpg,"eet i
—"
651.jpg,ee
652.jpg,
653.jpg,iC RLS
654.jpg,299
655.jpg,
656.jpg,USL
657.jpg,Cy PLITS
658.jpg,"a
gee
ee"
659.jpg,ees
66.jpg,eee Es
660.jpg,- 935475882 |
661.jpg,
662.jpg,17105 9707 |
663.jpg,"eS;
SIRES ta"
664.jpg,ORR
665.jpg,92 7 B85.
666.jpg,LC eeca TSA
667.jpg,
668.jpg,ST
669.jpg,Ti eee el
67.jpg,ESE
670.jpg,ay eee Abs
671.jpg,EI TR)
672.jpg,Ps
673.jpg,"(A, JO7 49 7996)"
674.jpg,PRET
675.jpg,
676.jpg,CERT
677.jpg,
678.jpg,BhL mee mee i)
679.jpg,
68.jpg,
680.jpg,REELY
681.jpg,VAP era
682.jpg,hemes
683.jpg,"ae
tas"
684.jpg,REE 15)
685.jpg,1450499128:
686.jpg,eee yar)
687.jpg,EARS ral
688.jpg,"meet
nies Be"
689.jpg,100 7 5333]
69.jpg,
690.jpg,RUE
691.jpg,"AC
29170
r4eh|"
692.jpg,
693.jpg,ePID
694.jpg,EPs Petey
695.jpg,__ aan
696.jpg,
697.jpg,
698.jpg,mT. ee
699.jpg,Rivets > 2131-
7.jpg,
70.jpg,eee
700.jpg,Tike
701.jpg,Cea CH
702.jpg,"a
een"
703.jpg,"4
aa
i"
704.jpg,| SR
705.jpg,Pee eye
706.jpg,"EET
“="
707.jpg,EERE 740)
708.jpg,BU RS)
709.jpg,ae
71.jpg,PRT) |
710.jpg,BORER ral
711.jpg,"a
ey
——_"
712.jpg,GREE)
713.jpg,ete te
714.jpg,"noe LD een
PRL ier nek, Vi"
715.jpg,ve ROATETA
716.jpg,PETE:
717.jpg,"ae
”"
718.jpg,eee 3
719.jpg,ERR
72.jpg,cH
720.jpg,ci
721.jpg,iii
722.jpg,
723.jpg,
724.jpg,eT
725.jpg,we
726.jpg,(Cert r ral
727.jpg,
728.jpg,
729.jpg,SRSa Ee
73.jpg,GE Rem T3
730.jpg,"Mag,"
731.jpg,ayer ON
732.jpg,Rens
733.jpg,'«! ER
735.jpg,
736.jpg,"SEER tye
Ae"
737.jpg,119 Tye
738.jpg,13] S22 ey
739.jpg,ieee arcis
74.jpg,
740.jpg,pC Reem rt
741.jpg,
742.jpg,TRERES
743.jpg,107 75823
744.jpg,[33 sx 5095}
745.jpg,aL eeys 915)
746.jpg,eS
747.jpg,SUK Perm eRy
748.jpg,[2491398 |
749.jpg,SET
75.jpg,Wes ey Zs}
750.jpg,
751.jpg,
752.jpg,
753.jpg,reba
754.jpg,oe
755.jpg,"LEP Ea
ies"
756.jpg,Pee YL
757.jpg,"eee
ee"
758.jpg,aR eee Alan
759.jpg,
76.jpg,recite Ey
760.jpg,SeRee es
761.jpg,eres
762.jpg,ime RLS
763.jpg,Ai: Reras eK)
764.jpg,
765.jpg,i Fa eee KA
766.jpg,1615493747]
767.jpg,REL
768.jpg,een
769.jpg,Sie) a
77.jpg,BR eeckE se
770.jpg,Ss
771.jpg,SRaPe dared
772.jpg,
773.jpg,\131--78840/
774.jpg,
775.jpg,"9, oe 573"
776.jpg,by Reon ral
777.jpg,SEVERE)
778.jpg,172 55 9344
779.jpg,LER ET ET
78.jpg,"PP ke,"
780.jpg,Roel
781.jpg,be ARES
782.jpg,
783.jpg,
784.jpg,191 #27764
785.jpg,EIRETUTE]
786.jpg,
787.jpg,eee
788.jpg,LYRE VAL
789.jpg,
79.jpg,
790.jpg,Ra Ree Ty:
791.jpg,ied
792.jpg,PR Reta he
793.jpg,[Tse 29 est!
794.jpg,
795.jpg,ler a:
796.jpg,
797.jpg,"teeter
Moy 307
bine"
798.jpg,
799.jpg,
8.jpg,Ai BRe es)
80.jpg,EES
800.jpg,62 9 6569
801.jpg,Bel etal
802.jpg,curr
803.jpg,Ree TT
804.jpg,
805.jpg,a
806.jpg,ERAS aTT TI
807.jpg,
808.jpg,brid
809.jpg,
81.jpg,
810.jpg,TT
811.jpg,
812.jpg,‘100 35333}
813.jpg,ta ete ts
814.jpg,
815.jpg,
816.jpg,[982 3095
817.jpg,CREE
818.jpg,ee
819.jpg,MY. pea
82.jpg,Rey a
820.jpg,M98 3 GIS
821.jpg,Ure sire
822.jpg,
823.jpg,
824.jpg,
825.jpg,"ET
yee"
826.jpg,
827.jpg,
828.jpg,"i
eens"
829.jpg,BrAniertaey ss
83.jpg,Te
830.jpg,RATE
831.jpg,See
832.jpg,
833.jpg,TEBEERE)
834.jpg,143.29 4790 |
835.jpg,
836.jpg,bie YA
837.jpg,SOY eer
838.jpg,"a
CR"
839.jpg,eae
84.jpg,08 Le
840.jpg,Py
841.jpg,1407 9240
842.jpg,eR Pe
843.jpg,rere
844.jpg,ETT
845.jpg,Ch ere yak
846.jpg,WER
847.jpg,"_ a ee)
mee
2"
848.jpg,IER
849.jpg,ryt)
85.jpg,17855826:
850.jpg,SRGRcae eee
851.jpg,14951332)
852.jpg,epee
853.jpg,
854.jpg,
855.jpg,bree
856.jpg,
857.jpg,
858.jpg,EEG
859.jpg,eee:
86.jpg,TM oy 4151
860.jpg,
861.jpg,WEF wari
862.jpg,ee Lye
863.jpg,mL
864.jpg,PERT
865.jpg,Reno
866.jpg,78 8 140
867.jpg,
868.jpg,
869.jpg,Tee
87.jpg,Cite err
870.jpg,ieee ye
871.jpg,WAT ac MPa:
872.jpg,WEL err A: 2g
873.jpg,BLRer CTS)
874.jpg,
875.jpg,BUMP Eel
876.jpg,cree
877.jpg,| eee
878.jpg,Shea hee
879.jpg,
88.jpg,RTT
880.jpg,Tre hee
881.jpg,ctreenicm
882.jpg,149097951 |
883.jpg,
884.jpg,[Ce eva
885.jpg,eeED
886.jpg,
887.jpg,BREED LT
888.jpg,"65553290,"
889.jpg,179235776
89.jpg,ewe arsay
890.jpg,iL ee} rat:
891.jpg,eA TOST YR!
892.jpg,[130.559 1077
893.jpg,
894.jpg,WWlseeew EFT)
895.jpg,aa
896.jpg,Wace
897.jpg,
898.jpg,rca TAY
899.jpg,TF eee eys
9.jpg,In Ley A6et 15}: 7
90.jpg,o1 ee TTF
900.jpg,eri
901.jpg,Ciro
902.jpg,"oe |
a"
903.jpg,ERTS
904.jpg,ce
905.jpg,Wie he
906.jpg,(Paar ele)
907.jpg,
908.jpg,
91.jpg,eT
910.jpg,"Rye, BET"
92.jpg,roel
93.jpg,
94.jpg,19
95.jpg,"ee
ee"
96.jpg,
97.jpg,REMIT
98.jpg,SRE
99.jpg,ES Baectk 4
